id,first_name,last_name,email
1,Darrell,Sandiford,dsandiford0@imgur.com
2,Madlin,Dowzell,mdowzell1@rakuten.co.jp
3,Raymond,Treher,rtreher2@is.gd
4,Vinson,Foston,vfoston3@freewebs.com
5,Dav,Hadfield,dhadfield4@sogou.com
6,Nikos,Colbridge,ncolbridge5@dell.com
7,Stesha,Tuck,stuck6@weather.com
8,Maighdiln,Locksley,mlocksley7@scientificamerican.com
9,Marcello,Gate,mgate8@eventbrite.com
10,Bradley,Wilshere,bwilshere9@blog.com
11,Giralda,Kingsnod,gkingsnoda@parallels.com
12,Der,Tavener,dtavenerb@google.com
13,Gaylene,Mc Comb,gmccombc@latimes.com
14,Mildrid,McDarmid,mmcdarmidd@vkontakte.ru
15,Brenden,Cossons,bcossonse@google.com.au
16,Ardis,Dartnall,adartnallf@springer.com
17,Cindelyn,Balcombe,cbalcombeg@blogtalkradio.com
18,Randy,Arndell,rarndellh@nsw.gov.au
19,Godiva,Burburough,gburburoughi@imdb.com
20,Nickie,Leyshon,nleyshonj@yahoo.co.jp
21,Siobhan,Makeswell,smakeswellk@bigcartel.com
22,Olly,Huonic,ohuonicl@google.fr
23,Davin,Wimlett,dwimlettm@ow.ly
24,Garrick,Crandon,gcrandonn@mapy.cz
25,Lura,Budgeon,lbudgeono@mit.edu
26,Ravi,Kiely,rkielyp@ft.com
27,Raquel,Lackinton,rlackintonq@dagondesign.com
28,Marilyn,Arnold,marnoldr@phoca.cz
29,Anneliese,Coxwell,acoxwells@comsenz.com
30,Ferne,Alexsandrev,falexsandrevt@paypal.com
31,Turner,Branigan,tbraniganu@360.cn
32,Wash,Mattys,wmattysv@abc.net.au
33,Sarena,Bend,sbendw@uol.com.br
34,Tiertza,Emmatt,temmattx@miitbeian.gov.cn
35,Raphaela,Pasmore,rpasmorey@upenn.edu
36,Marys,Ewdale,mewdalez@shop-pro.jp
37,Ginger,Itscowics,gitscowics10@moonfruit.com
38,Alvy,Presnall,apresnall11@cnet.com
39,Germaine,Jahncke,gjahncke12@hostgator.com
40,Katie,Vanyashkin,kvanyashkin13@goo.ne.jp
41,Martita,Curry,mcurry14@histats.com
42,Jaquelyn,Barlee,jbarlee15@storify.com
43,Laurence,De Miranda,ldemiranda16@discuz.net
44,Carlene,Roose,croose17@e-recht24.de
45,Kati,Grafton,kgrafton18@altervista.org
46,Godfrey,Delaprelle,gdelaprelle19@fc2.com
47,Ardelis,Oakenfield,aoakenfield1a@gmpg.org
48,Ode,Highway,ohighway1b@oakley.com
49,Jannel,Gurr,jgurr1c@dailymail.co.uk
50,Ailyn,Ridder,aridder1d@comcast.net
51,Kimberley,MacFie,kmacfie1e@smugmug.com
52,Theadora,Beak,tbeak1f@t-online.de
53,Theresa,Kilgour,tkilgour1g@cargocollective.com
54,Wolfie,Edmund,wedmund1h@usa.gov
55,Al,Dekeyser,adekeyser1i@buzzfeed.com
56,Salvatore,Flaune,sflaune1j@go.com
57,Fletcher,Trevarthen,ftrevarthen1k@simplemachines.org
58,Josie,Deverose,jdeverose1l@eventbrite.com
59,Viola,Sowood,vsowood1m@army.mil
60,Rickie,Whetton,rwhetton1n@foxnews.com
61,Cindi,Anglin,canglin1o@cpanel.net
62,Emanuel,Nichol,enichol1p@amazonaws.com
63,Ilise,Bettesworth,ibettesworth1q@redcross.org
64,Analiese,Marquot,amarquot1r@thetimes.co.uk
65,Talia,Allchorne,tallchorne1s@edublogs.org
66,Stuart,Evens,sevens1t@comcast.net
67,Russ,Spurling,rspurling1u@reference.com
68,Gwen,Maudson,gmaudson1v@nytimes.com
69,Raoul,Oppie,roppie1w@psu.edu
70,Raddy,McGurgan,rmcgurgan1x@gizmodo.com
71,Mandy,Kubanek,mkubanek1y@blogger.com
72,Nanete,Petre,npetre1z@ifeng.com
73,Lita,Gosby,lgosby20@myspace.com
74,Martyn,Woolston,mwoolston21@blinklist.com
75,Claire,Luckwell,cluckwell22@fotki.com
76,Tabor,Albrecht,talbrecht23@google.co.uk
77,Gherardo,Bowhay,gbowhay24@naver.com
78,Angie,Have,ahave25@statcounter.com
79,Glen,Solomon,gsolomon26@reference.com
80,Lilia,Bradbrook,lbradbrook27@jigsy.com
81,Anna-maria,Gilhool,agilhool28@cnn.com
82,Barbaraanne,Yerborn,byerborn29@disqus.com
83,Isaiah,Raddish,iraddish2a@google.ru
84,Stephi,Southcombe,ssouthcombe2b@bizjournals.com
85,Chev,Chesterton,cchesterton2c@eepurl.com
86,Boris,Hargrave,bhargrave2d@themeforest.net
87,Boot,Brewse,bbrewse2e@gravatar.com
88,Sanders,Mattusevich,smattusevich2f@amazon.co.jp
89,Nada,Seller,nseller2g@amazon.co.jp
90,Eleen,Duquesnay,eduquesnay2h@youtu.be
91,Lesya,Millership,lmillership2i@craigslist.org
92,Darrelle,Posthill,dposthill2j@tiny.cc
93,Prudy,Pillman,ppillman2k@sbwire.com
94,Maren,Marlor,mmarlor2l@rediff.com
95,Cristie,Yakebovich,cyakebovich2m@tripadvisor.com
96,Jodie,Coste,jcoste2n@hugedomains.com
97,Shay,Epton,septon2o@eventbrite.com
98,Melloney,Lotterington,mlotterington2p@cnn.com
99,Miles,Champain,mchampain2q@parallels.com
100,Kacey,Gaddie,kgaddie2r@taobao.com
101,Elyn,Rudloff,erudloff2s@washingtonpost.com
102,Israel,Darcey,idarcey2t@biblegateway.com
103,Blayne,Rosenwald,brosenwald2u@hatena.ne.jp
104,Winfield,Roglieri,wroglieri2v@va.gov
105,Mattie,Gilbey,mgilbey2w@webeden.co.uk
106,Jaymee,Coil,jcoil2x@weebly.com
107,Jody,Swansborough,jswansborough2y@shinystat.com
108,Ives,Sadat,isadat2z@guardian.co.uk
109,Ahmed,Erickson,aerickson30@dyndns.org
110,Tildie,Maxworthy,tmaxworthy31@bing.com
111,David,Stubley,dstubley32@baidu.com
112,Gerick,Peotz,gpeotz33@tamu.edu
113,Krystalle,Jolin,kjolin34@bbb.org
114,Joelie,Klausewitz,jklausewitz35@businessinsider.com
115,Hailey,Towne,htowne36@prnewswire.com
116,Petronilla,Hutchence,phutchence37@cdbaby.com
117,Sebastien,Maytom,smaytom38@bbc.co.uk
118,Lilas,Barwack,lbarwack39@timesonline.co.uk
119,Curt,Week,cweek3a@reverbnation.com
120,Roi,Sibray,rsibray3b@dailymail.co.uk
121,Arthur,Duce,aduce3c@springer.com
122,Rakel,Normandale,rnormandale3d@japanpost.jp
123,Theodoric,Gilliatt,tgilliatt3e@tinypic.com
124,Ezri,Kaplin,ekaplin3f@yandex.ru
125,Patty,Sterman,psterman3g@facebook.com
126,Meggy,Oxburgh,moxburgh3h@mysql.com
127,Theo,Newcombe,tnewcombe3i@nih.gov
128,Darcey,Dowman,ddowman3j@ucoz.com
129,Lanna,Tressler,ltressler3k@cornell.edu
130,Roma,Lantry,rlantry3l@msn.com
131,Aurore,Befroy,abefroy3m@sourceforge.net
132,Grantley,Masarrat,gmasarrat3n@eventbrite.com
133,Taffy,Andreas,tandreas3o@netlog.com
134,Spike,Beric,sberic3p@globo.com
135,Findlay,Boshell,fboshell3q@csmonitor.com
136,Sydney,Clamp,sclamp3r@theguardian.com
137,Chauncey,Lay,clay3s@discovery.com
138,Tandie,Lethbrig,tlethbrig3t@reddit.com
139,Charyl,Truswell,ctruswell3u@baidu.com
140,Vin,Jurkiewicz,vjurkiewicz3v@paginegialle.it
141,Philly,Cabera,pcabera3w@cbsnews.com
142,Margarette,Hurtado,mhurtado3x@shop-pro.jp
143,Lanie,Leverette,lleverette3y@fc2.com
144,Carlene,Starling,cstarling3z@answers.com
145,Aleece,Sikora,asikora40@japanpost.jp
146,Yorgos,Crehan,ycrehan41@smugmug.com
147,Gael,De Ambrosis,gdeambrosis42@google.co.jp
148,Marta,Ceeley,mceeley43@dropbox.com
149,Gabie,Seignior,gseignior44@oaic.gov.au
150,Carolee,Broadnicke,cbroadnicke45@netlog.com
151,Inglebert,Limeburn,ilimeburn46@imdb.com
152,Stavro,Petrollo,spetrollo47@tiny.cc
153,Antons,Fearne,afearne48@wordpress.org
154,Paulette,Anselm,panselm49@biglobe.ne.jp
155,Kellby,Whereat,kwhereat4a@dell.com
156,Shaw,Anlay,sanlay4b@yellowbook.com
157,Neysa,Thirwell,nthirwell4c@over-blog.com
158,Ulla,Rodgman,urodgman4d@feedburner.com
159,Lynnell,Anmore,lanmore4e@blinklist.com
160,Mohandas,Scamaden,mscamaden4f@purevolume.com
161,Dedra,Van Schafflaer,dvanschafflaer4g@wisc.edu
162,Kimberli,Verryan,kverryan4h@odnoklassniki.ru
163,Katerina,Yegorkov,kyegorkov4i@indiatimes.com
164,Alano,Dommersen,adommersen4j@angelfire.com
165,Celesta,Jouanny,cjouanny4k@unicef.org
166,Marge,Rutigliano,mrutigliano4l@cloudflare.com
167,Araldo,Arnke,aarnke4m@chicagotribune.com
168,Fax,Casburn,fcasburn4n@tinypic.com
169,Mariana,Suscens,msuscens4o@abc.net.au
170,Lin,Purnell,lpurnell4p@a8.net
171,Murry,Blumsom,mblumsom4q@sfgate.com
172,Terrill,Stanway,tstanway4r@pbs.org
173,Natty,Fraanchyonok,nfraanchyonok4s@dot.gov
174,Nerti,Jorin,njorin4t@forbes.com
175,Ronny,Garratt,rgarratt4u@psu.edu
176,Shelden,Boerder,sboerder4v@trellian.com
177,Mikel,Wrigley,mwrigley4w@twitpic.com
178,Lynette,Cannan,lcannan4x@flickr.com
179,Chicky,Vernham,cvernham4y@cornell.edu
180,Cindee,Durden,cdurden4z@google.fr
181,Penrod,Codlin,pcodlin50@hubpages.com
182,Kelsy,Menichini,kmenichini51@smh.com.au
183,Jobye,Kennsley,jkennsley52@biblegateway.com
184,Gustavus,Whittet,gwhittet53@walmart.com
185,Sinclare,Attoc,sattoc54@independent.co.uk
186,Margi,McKague,mmckague55@dailymail.co.uk
187,Jeanine,Spiers,jspiers56@marriott.com
188,Gamaliel,Cohan,gcohan57@samsung.com
189,Joline,Covely,jcovely58@yahoo.co.jp
190,Giana,Hampstead,ghampstead59@addtoany.com
191,Cherice,Djorvic,cdjorvic5a@hibu.com
192,Ara,Watts,awatts5b@edublogs.org
193,Olivie,Febry,ofebry5c@miibeian.gov.cn
194,Cindelyn,Gateley,cgateley5d@about.com
195,Lolly,Routley,lroutley5e@dion.ne.jp
196,Tucky,Marti,tmarti5f@uol.com.br
197,Sadye,Penright,spenright5g@ocn.ne.jp
198,Marcel,Rodie,mrodie5h@elpais.com
199,Duke,Jodrelle,djodrelle5i@canalblog.com
200,Marjorie,Blint,mblint5j@mail.ru
201,Maureene,Whorton,mwhorton5k@ihg.com
202,Tiebold,Fouracres,tfouracres5l@zimbio.com
203,Svend,Ryles,sryles5m@netlog.com
204,Simona,Childs,schilds5n@privacy.gov.au
205,Jessika,Kuhlmey,jkuhlmey5o@pbs.org
206,Burch,Durston,bdurston5p@discovery.com
207,Phil,Piggens,ppiggens5q@smugmug.com
208,Grannie,Fraine,gfraine5r@themeforest.net
209,Cart,Redolfi,credolfi5s@seesaa.net
210,Cathrin,Philippon,cphilippon5t@sohu.com
211,Bernarr,Crocker,bcrocker5u@usatoday.com
212,Elset,Egel,eegel5v@themeforest.net
213,Alyssa,Beesey,abeesey5w@scientificamerican.com
214,Ave,Langstaff,alangstaff5x@51.la
215,Gradeigh,Bridgeman,gbridgeman5y@github.io
216,Hollyanne,Zavattiero,hzavattiero5z@cdc.gov
217,Julio,Clorley,jclorley60@uol.com.br
218,Mayer,Rollinshaw,mrollinshaw61@pen.io
219,Thain,Roskilly,troskilly62@dion.ne.jp
220,Jo,Nobles,jnobles63@acquirethisname.com
221,Sergio,Fleury,sfleury64@hhs.gov
222,Giulia,Duley,gduley65@geocities.jp
223,Phil,Weeden,pweeden66@pcworld.com
224,Minette,Seeger,mseeger67@dmoz.org
225,Levey,Spackman,lspackman68@mlb.com
226,Mahala,Barzen,mbarzen69@phoca.cz
227,Tammy,McBrier,tmcbrier6a@elegantthemes.com
228,Brannon,Pietz,bpietz6b@uiuc.edu
229,Amitie,Preto,apreto6c@ed.gov
230,Stephani,Lacroutz,slacroutz6d@archive.org
231,Granthem,Brunnen,gbrunnen6e@merriam-webster.com
232,Agatha,Londsdale,alondsdale6f@artisteer.com
233,Benn,Ormston,bormston6g@mac.com
234,Malanie,Pattingson,mpattingson6h@nbcnews.com
235,Vivian,Sygrove,vsygrove6i@skyrock.com
236,Hermann,Byars,hbyars6j@seattletimes.com
237,Samuel,O'Leary,soleary6k@istockphoto.com
238,Joellyn,Netti,jnetti6l@php.net
239,Weston,Hartly,whartly6m@mail.ru
240,Ciro,Proven,cproven6n@furl.net
241,Brita,Naismith,bnaismith6o@thetimes.co.uk
242,Glenine,Sambells,gsambells6p@nytimes.com
243,Andi,Flucker,aflucker6q@fc2.com
244,Mitchel,Duxfield,mduxfield6r@newsvine.com
245,Katine,Stoffers,kstoffers6s@shutterfly.com
246,Gavin,Ferroli,gferroli6t@utexas.edu
247,Alair,Swindells,aswindells6u@ask.com
248,Alina,Counihan,acounihan6v@vk.com
249,Timmie,Curnock,tcurnock6w@eventbrite.com
250,Fran,Petrillo,fpetrillo6x@ameblo.jp
251,Anne,Meaking,ameaking6y@yahoo.co.jp
252,Daphna,Simony,dsimony6z@forbes.com
253,Osmond,Maxworthy,omaxworthy70@weather.com
254,Ami,Becken,abecken71@miibeian.gov.cn
255,Aurilia,Skrine,askrine72@si.edu
256,Estele,Volleth,evolleth73@google.fr
257,Randi,Abbett,rabbett74@time.com
258,Jeanne,Tym,jtym75@ucoz.com
259,Jerrilyn,Gurney,jgurney76@phpbb.com
260,Shaina,Snow,ssnow77@altervista.org
261,Gray,Barizeret,gbarizeret78@time.com
262,Aurelea,Titcombe,atitcombe79@berkeley.edu
263,Jeddy,Leasor,jleasor7a@senate.gov
264,Ferd,Duguid,fduguid7b@simplemachines.org
265,Beverie,Roslen,broslen7c@tuttocitta.it
266,Mathilda,Pailin,mpailin7d@oaic.gov.au
267,Hadria,Dorot,hdorot7e@auda.org.au
268,Jerrilee,De'Ath,jdeath7f@w3.org
269,Joannes,Rolfe,jrolfe7g@cloudflare.com
270,Eldridge,Bloxam,ebloxam7h@paginegialle.it
271,Haleigh,Scullin,hscullin7i@psu.edu
272,Isabelita,Ivakhno,iivakhno7j@theguardian.com
273,Isador,Necrews,inecrews7k@ycombinator.com
274,Kevyn,Hyne,khyne7l@dailymotion.com
275,Lenard,Giacomello,lgiacomello7m@technorati.com
276,Valle,McCurlye,vmccurlye7n@wikipedia.org
277,Silvanus,Donalson,sdonalson7o@wikimedia.org
278,Nils,Klaassens,nklaassens7p@sbwire.com
279,Pierette,Bliben,pbliben7q@omniture.com
280,Francene,Karadzas,fkaradzas7r@amazonaws.com
281,Etienne,Pratchett,epratchett7s@histats.com
282,Ancell,Baulk,abaulk7t@usgs.gov
283,Whitney,Gradley,wgradley7u@flavors.me
284,Caroljean,Bladen,cbladen7v@skype.com
285,Sydney,Senyard,ssenyard7w@weibo.com
286,Tomkin,Bottell,tbottell7x@earthlink.net
287,Amye,Mustill,amustill7y@soundcloud.com
288,Kristan,Hyndley,khyndley7z@linkedin.com
289,Quintana,Dougliss,qdougliss80@washingtonpost.com
290,Marieann,Valentin,mvalentin81@ebay.com
291,Olivier,Stoeckle,ostoeckle82@weibo.com
292,Isidro,Elgie,ielgie83@psu.edu
293,Isobel,Nester,inester84@studiopress.com
294,Evita,Pabst,epabst85@state.tx.us
295,Veradis,Follin,vfollin86@psu.edu
296,Darline,Walsh,dwalsh87@smh.com.au
297,Kathryn,Crisell,kcrisell88@is.gd
298,Ebony,Hanshaw,ehanshaw89@japanpost.jp
299,Selig,Barhams,sbarhams8a@freewebs.com
300,Gabbie,Sheardown,gsheardown8b@mlb.com
301,Ted,Singleton,tsingleton8c@illinois.edu
302,Kipper,Shine,kshine8d@sohu.com
303,Fraze,Westhofer,fwesthofer8e@oaic.gov.au
304,Tallie,Hasser,thasser8f@house.gov
305,Carola,Hurlin,churlin8g@goodreads.com
306,Whitney,Vedishchev,wvedishchev8h@mlb.com
307,Ange,Tight,atight8i@webeden.co.uk
308,Courtney,Merck,cmerck8j@amazon.de
309,Alejandrina,Torritti,atorritti8k@ucoz.ru
310,Rafi,Saunter,rsaunter8l@cnet.com
311,Bronnie,Trebble,btrebble8m@cocolog-nifty.com
312,Jacquenette,Northin,jnorthin8n@kickstarter.com
313,Gerianna,Tite,gtite8o@smh.com.au
314,Lilli,Jeness,ljeness8p@amazon.de
315,Tabbitha,Tumilson,ttumilson8q@drupal.org
316,Ivy,Alfonzo,ialfonzo8r@hud.gov
317,Briny,Reinhard,breinhard8s@pbs.org
318,Chan,Fishpool,cfishpool8t@va.gov
319,Venus,Rostron,vrostron8u@yahoo.co.jp
320,Violet,Varley,vvarley8v@redcross.org
321,Allis,Whitear,awhitear8w@photobucket.com
322,Ludovico,Atty,latty8x@instagram.com
323,Gale,Claeskens,gclaeskens8y@jalbum.net
324,Lynett,Zolini,lzolini8z@qq.com
325,Jarrett,Grannell,jgrannell90@yellowbook.com
326,Sadie,Loble,sloble91@gravatar.com
327,Kelila,Lesper,klesper92@hugedomains.com
328,Rooney,Dunklee,rdunklee93@instagram.com
329,Delia,Simoncelli,dsimoncelli94@psu.edu
330,Karlotta,Lohan,klohan95@aboutads.info
331,Sula,Smolan,ssmolan96@china.com.cn
332,Glenden,Wordsley,gwordsley97@goo.ne.jp
333,Freemon,Tresvina,ftresvina98@chicagotribune.com
334,Olly,Dymidowski,odymidowski99@va.gov
335,Roxie,Beever,rbeever9a@disqus.com
336,Bab,Domokos,bdomokos9b@over-blog.com
337,Bertie,Kleinstern,bkleinstern9c@paginegialle.it
338,Adora,Dufer,adufer9d@sourceforge.net
339,Jeana,Wolfit,jwolfit9e@slate.com
340,Grantham,Hannant,ghannant9f@patch.com
341,Elenore,Bolger,ebolger9g@sciencedaily.com
342,Celle,Deeks,cdeeks9h@histats.com
343,Talia,Lambis,tlambis9i@nhs.uk
344,Gretta,Boyat,gboyat9j@godaddy.com
345,Lucho,Carsey,lcarsey9k@state.tx.us
346,Jobina,Shewen,jshewen9l@flavors.me
347,Waldo,McNair,wmcnair9m@mozilla.org
348,Onfre,Woolis,owoolis9n@who.int
349,Smitty,Beek,sbeek9o@hostgator.com
350,Isa,Aleshintsev,ialeshintsev9p@delicious.com
351,Karlen,Damp,kdamp9q@imageshack.us
352,Archaimbaud,Causton,acauston9r@thetimes.co.uk
353,Claire,O'Suaird,cosuaird9s@prlog.org
354,Raf,Pennycock,rpennycock9t@yellowpages.com
355,Randee,Ashness,rashness9u@sogou.com
356,Camel,Davitti,cdavitti9v@blogs.com
357,Nicholas,Couldwell,ncouldwell9w@google.co.uk
358,Delila,Kabos,dkabos9x@businessinsider.com
359,Chase,Beasleigh,cbeasleigh9y@creativecommons.org
360,Lief,Colquite,lcolquite9z@mlb.com
361,Kerk,MacMenamy,kmacmenamya0@alexa.com
362,Hannis,Marklund,hmarklunda1@unicef.org
363,Vinny,Tybalt,vtybalta2@privacy.gov.au
364,Kristel,Francke,kfranckea3@hatena.ne.jp
365,Pincas,Feifer,pfeifera4@addthis.com
366,Joya,Oehm,joehma5@smugmug.com
367,Minetta,Rylance,mrylancea6@nba.com
368,Alexine,Jan,ajana7@nsw.gov.au
369,Margette,Fiander,mfiandera8@hexun.com
370,Elvira,Tincey,etinceya9@skyrock.com
371,Merrilee,Draysey,mdrayseyaa@xinhuanet.com
372,Brittani,Moscrop,bmoscropab@adobe.com
373,Colene,Fulmen,cfulmenac@ca.gov
374,Jasen,Purslow,jpurslowad@army.mil
375,Merwin,Twentyman,mtwentymanae@nyu.edu
376,Abbi,Adams,aadamsaf@privacy.gov.au
377,Skyler,Jirousek,sjirousekag@newyorker.com
378,Monroe,Jacquemot,mjacquemotah@acquirethisname.com
379,Dacey,Francesconi,dfrancesconiai@gravatar.com
380,Trumaine,Brigge,tbriggeaj@yale.edu
381,Annie,Autin,aautinak@wordpress.org
382,Sabrina,McGiff,smcgiffal@nytimes.com
383,Hermione,Bridie,hbridieam@scientificamerican.com
384,Alanna,Soggee,asoggeean@symantec.com
385,Casi,Hartlebury,chartleburyao@sbwire.com
386,Golda,Manske,gmanskeap@blogger.com
387,Pammy,Rubinfajn,prubinfajnaq@ameblo.jp
388,Sharon,Parades,sparadesar@squarespace.com
389,Zarla,Oxherd,zoxherdas@marketwatch.com
390,Micheline,Riccardini,mriccardiniat@sitemeter.com
391,Kacy,Josskowitz,kjosskowitzau@nps.gov
392,Adela,Cargenven,acargenvenav@edublogs.org
393,Leonie,Henriksson,lhenrikssonaw@ezinearticles.com
394,Morganne,Curryer,mcurryerax@cnet.com
395,Tab,Crowhurst,tcrowhurstay@parallels.com
396,Cherin,Addionizio,caddionizioaz@over-blog.com
397,Kizzee,Karpushkin,kkarpushkinb0@wikipedia.org
398,Danika,Tilley,dtilleyb1@barnesandnoble.com
399,Zebulon,Briscoe,zbriscoeb2@alexa.com
400,Erina,Wrightam,ewrightamb3@sogou.com
401,Julita,Seedman,jseedmanb4@illinois.edu
402,Amandi,Bannerman,abannermanb5@ning.com
403,Eimile,Brearton,ebreartonb6@networksolutions.com
404,Christiana,Kann,ckannb7@scientificamerican.com
405,Darda,Lofty,dloftyb8@earthlink.net
406,Cornelia,Johnson,cjohnsonb9@topsy.com
407,Anderson,Ockendon,aockendonba@bigcartel.com
408,Maurine,Radbond,mradbondbb@redcross.org
409,Isidore,Leebeter,ileebeterbc@miibeian.gov.cn
410,Donall,Crates,dcratesbd@cornell.edu
411,Mitch,Spyer,mspyerbe@i2i.jp
412,Iago,Skule,iskulebf@macromedia.com
413,Dorolisa,Ithell,dithellbg@oracle.com
414,Mart,Drohane,mdrohanebh@illinois.edu
415,Elsa,Hattam,ehattambi@gizmodo.com
416,Corrie,Grieswood,cgrieswoodbj@dyndns.org
417,Colet,Grog,cgrogbk@friendfeed.com
418,Marrilee,Hanscome,mhanscomebl@51.la
419,Guglielma,Bienvenu,gbienvenubm@nature.com
420,Antonin,Brydone,abrydonebn@sciencedaily.com
421,Nobie,Yurchenko,nyurchenkobo@dion.ne.jp
422,Serge,Waycot,swaycotbp@pen.io
423,Blair,Cornelius,bcorneliusbq@bbc.co.uk
424,Moll,Juliano,mjulianobr@soundcloud.com
425,Rosy,Ovid,rovidbs@vk.com
426,Vanya,MacCoughen,vmaccoughenbt@nature.com
427,Yorker,Skacel,yskacelbu@ucsd.edu
428,Ailey,Bento,abentobv@illinois.edu
429,Marget,Guille,mguillebw@smugmug.com
430,Mei,Jayume,mjayumebx@marriott.com
431,Theo,Pendleton,tpendletonby@cbslocal.com
432,Leonerd,Kubczak,lkubczakbz@unblog.fr
433,Sigfried,Menendes,smenendesc0@imageshack.us
434,Gray,Wraighte,gwraightec1@cnbc.com
435,Zarah,Surplice,zsurplicec2@is.gd
436,Sandy,Northill,snorthillc3@blogger.com
437,Ashia,Acres,aacresc4@un.org
438,Kitty,Keay,kkeayc5@yellowbook.com
439,Dix,Josh,djoshc6@google.fr
440,Virgie,Sweetsur,vsweetsurc7@cnet.com
441,Morton,Darragon,mdarragonc8@issuu.com
442,Giraldo,Lewnden,glewndenc9@pinterest.com
443,Alberta,Peggram,apeggramca@webeden.co.uk
444,Franny,Zorzin,fzorzincb@pen.io
445,Zebulon,Snassell,zsnassellcc@tmall.com
446,Raymund,McAuliffe,rmcauliffecd@multiply.com
447,Leoline,Butterwick,lbutterwickce@hubpages.com
448,Erick,Rashleigh,erashleighcf@hostgator.com
449,Maryjane,Adenet,madenetcg@yellowpages.com
450,Cornall,Swarbrigg,cswarbriggch@epa.gov
451,Alikee,Sonier,asonierci@tripadvisor.com
452,Homere,Queripel,hqueripelcj@ycombinator.com
453,Jarred,Mintoff,jmintoffck@nih.gov
454,Teodoro,Dawson,tdawsoncl@cam.ac.uk
455,Ronnica,Mithun,rmithuncm@themeforest.net
456,Erv,Sives,esivescn@tinyurl.com
457,Gardie,Curuclis,gcuruclisco@prweb.com
458,Melli,Pick,mpickcp@etsy.com
459,Morissa,Sallnow,msallnowcq@telegraph.co.uk
460,Jenilee,Kigelman,jkigelmancr@diigo.com
461,Ky,Byrde,kbyrdecs@blogger.com
462,Tadd,Cattenach,tcattenachct@tuttocitta.it
463,Petronia,Richings,prichingscu@harvard.edu
464,Manolo,Heatlie,mheatliecv@hugedomains.com
465,Gustaf,Timson,gtimsoncw@state.tx.us
466,Gael,Krollmann,gkrollmanncx@usda.gov
467,Theresina,Lowensohn,tlowensohncy@behance.net
468,Joey,Profit,jprofitcz@census.gov
469,Eadie,Top,etopd0@sbwire.com
470,Hewitt,Jura,hjurad1@behance.net
471,Emyle,Toman,etomand2@moonfruit.com
472,Chucho,Bendik,cbendikd3@blogspot.com
473,Anitra,Oganesian,aoganesiand4@wordpress.com
474,Nevile,Chominski,nchominskid5@opensource.org
475,Rowney,McFadyen,rmcfadyend6@salon.com
476,Rachel,Delamar,rdelamard7@salon.com
477,Carrol,Leyshon,cleyshond8@mapquest.com
478,Corabella,Kibble,ckibbled9@huffingtonpost.com
479,Kameko,Curro,kcurroda@cnet.com
480,Kirsti,Wagerfield,kwagerfielddb@buzzfeed.com
481,Pattie,Adamovicz,padamoviczdc@symantec.com
482,Silvana,Walder,swalderdd@so-net.ne.jp
483,Dallon,Yesinin,dyesininde@edublogs.org
484,Ianthe,Le land,ilelanddf@rediff.com
485,Darcey,Stolli,dstollidg@biblegateway.com
486,Niall,Kubiak,nkubiakdh@oaic.gov.au
487,Casar,Bountiff,cbountiffdi@mail.ru
488,Lisbeth,Maberley,lmaberleydj@nymag.com
489,Thorndike,Dinsell,tdinselldk@pagesperso-orange.fr
490,Alli,Mussard,amussarddl@twitpic.com
491,Codie,Duling,cdulingdm@instagram.com
492,Wilhelmine,Ferras,wferrasdn@mail.ru
493,Gladys,Manilo,gmanilodo@europa.eu
494,Raquela,Karczinski,rkarczinskidp@com.com
495,Edeline,Enochsson,eenochssondq@symantec.com
496,Ermentrude,Dabes,edabesdr@liveinternet.ru
497,Margarete,Darker,mdarkerds@ftc.gov
498,Ricki,Street,rstreetdt@last.fm
499,Milty,Trillo,mtrillodu@so-net.ne.jp
500,Lotte,Steventon,lsteventondv@google.nl
501,Aloisia,Baynton,abayntondw@163.com
502,Billy,Duffield,bduffielddx@deliciousdays.com
503,Loella,Mauchline,lmauchlinedy@symantec.com
504,Gwenette,Mehew,gmehewdz@friendfeed.com
505,Tansy,Batrim,tbatrime0@accuweather.com
506,Concettina,Tomlett,ctomlette1@icq.com
507,Angelica,Michael,amichaele2@netlog.com
508,Beaufort,Sture,bsturee3@ocn.ne.jp
509,Sallyann,Carberry,scarberrye4@ning.com
510,Francoise,Gaye,fgayee5@google.es
511,Shandee,Papa,spapae6@twitpic.com
512,Reeta,De la Yglesias,rdelayglesiase7@wufoo.com
513,Eleanor,Tracey,etraceye8@altervista.org
514,Kristian,Malham,kmalhame9@ox.ac.uk
515,Brigitte,Marcos,bmarcosea@gizmodo.com
516,Thebault,Connell,tconnelleb@fotki.com
517,Herculie,Schoroder,hschoroderec@gizmodo.com
518,Ashely,Feeney,afeeneyed@networksolutions.com
519,Skipper,Moorhouse,smoorhouseee@linkedin.com
520,Tanney,Heningham,theninghamef@gmpg.org
521,Brynne,O'Dunneen,bodunneeneg@netscape.com
522,Helen,Hazelton,hhazeltoneh@nsw.gov.au
523,Kathi,Kinleyside,kkinleysideei@statcounter.com
524,Florri,Gillbee,fgillbeeej@photobucket.com
525,Shelia,Reyna,sreynaek@exblog.jp
526,Candie,Govey,cgoveyel@shutterfly.com
527,Rollin,Douberday,rdouberdayem@linkedin.com
528,Randee,Aguirre,raguirreen@hud.gov
529,Avram,Brundale,abrundaleeo@oakley.com
530,Devonna,Stennes,dstennesep@huffingtonpost.com
531,Alie,Gurrado,agurradoeq@comsenz.com
532,Goddard,Fain,gfainer@jigsy.com
533,Ruttger,Darcey,rdarceyes@ow.ly
534,Axel,Seares,aseareset@over-blog.com
535,Erina,Barwell,ebarwelleu@marriott.com
536,Rowen,Danilchenko,rdanilchenkoev@newyorker.com
537,Bobbe,Fallis,bfallisew@google.fr
538,Augy,Fennick,afennickex@hatena.ne.jp
539,Gilda,Prophet,gprophetey@imdb.com
540,Ly,Tolmie,ltolmieez@theatlantic.com
541,Blanch,Karle,bkarlef0@loc.gov
542,Filbert,Pengelley,fpengelleyf1@wiley.com
543,Rubi,Pretty,rprettyf2@hexun.com
544,Marquita,Knowller,mknowllerf3@arizona.edu
545,Kelsy,Tackley,ktackleyf4@stumbleupon.com
546,Ezequiel,Rothschild,erothschildf5@issuu.com
547,Ruggiero,Guerry,rguerryf6@purevolume.com
548,Constantine,Costerd,ccosterdf7@yandex.ru
549,Mozelle,Loan,mloanf8@who.int
550,Demott,Bowbrick,dbowbrickf9@nba.com
551,Templeton,Berndtsson,tberndtssonfa@usgs.gov
552,Selby,Goring,sgoringfb@homestead.com
553,Tabatha,Wyett,twyettfc@npr.org
554,Elbertina,Inde,eindefd@hexun.com
555,Peggi,Walkden,pwalkdenfe@bluehost.com
556,Crichton,Grainge,cgraingeff@sitemeter.com
557,Daphna,O'Doherty,dodohertyfg@over-blog.com
558,Alric,Margrie,amargriefh@columbia.edu
559,Blaire,Fochs,bfochsfi@amazonaws.com
560,Tilda,Millhill,tmillhillfj@chron.com
561,Jarrod,Swetland,jswetlandfk@over-blog.com
562,Dell,Faich,dfaichfl@shop-pro.jp
563,Bettye,Barz,bbarzfm@jiathis.com
564,Trixy,Lutz,tlutzfn@people.com.cn
565,Curt,Greyes,cgreyesfo@ihg.com
566,Alyce,Kubach,akubachfp@blog.com
567,Kalli,Igounet,kigounetfq@ucoz.ru
568,Kirsti,Skurm,kskurmfr@constantcontact.com
569,Abdul,Posen,aposenfs@dedecms.com
570,Lorette,Ballaam,lballaamft@yahoo.com
571,Belicia,Placido,bplacidofu@cdbaby.com
572,Bernadine,Josifovitz,bjosifovitzfv@so-net.ne.jp
573,Dag,Francie,dfranciefw@about.me
574,Therine,Just,tjustfx@rakuten.co.jp
575,Hurleigh,Myderscough,hmyderscoughfy@ucla.edu
576,Isobel,Brazel,ibrazelfz@sbwire.com
577,Pascale,Eilhertsen,peilhertseng0@usgs.gov
578,Wit,Craister,wcraisterg1@flickr.com
579,Nixie,Kielt,nkieltg2@senate.gov
580,Katerine,Wrout,kwroutg3@mapy.cz
581,Kori,Calfe,kcalfeg4@tumblr.com
582,Lazar,Stonuary,lstonuaryg5@netlog.com
583,Christean,Naylor,cnaylorg6@surveymonkey.com
584,Willy,Hughes,whughesg7@harvard.edu
585,Johna,Haimes,jhaimesg8@google.co.uk
586,Lucio,Westbury,lwestburyg9@dagondesign.com
587,Flemming,Minty,fmintyga@list-manage.com
588,Abe,Iremonger,airemongergb@pagesperso-orange.fr
589,Tomasina,Brewin,tbrewingc@economist.com
590,Karim,Lowson,klowsongd@un.org
591,Aleda,Gleave,agleavege@infoseek.co.jp
592,Johnathan,Gilluley,jgilluleygf@skype.com
593,Burr,Callaby,bcallabygg@ezinearticles.com
594,Zak,Sidwell,zsidwellgh@123-reg.co.uk
595,Mychal,Killner,mkillnergi@is.gd
596,Torrance,Cashman,tcashmangj@nps.gov
597,Raphael,Glazzard,rglazzardgk@addthis.com
598,Rodrigo,Nazer,rnazergl@joomla.org
599,Syman,Wyer,swyergm@nba.com
600,Cass,Zecchinii,czecchiniign@thetimes.co.uk
601,Pooh,Clementet,pclementetgo@vkontakte.ru
602,Milo,Harrison,mharrisongp@zdnet.com
603,Deina,Nosworthy,dnosworthygq@irs.gov
604,Rozelle,Parman,rparmangr@ebay.co.uk
605,Philippa,Gaydon,pgaydongs@posterous.com
606,Faith,Tague,ftaguegt@google.com.hk
607,Angel,Wildblood,awildbloodgu@army.mil
608,Shelba,Maren,smarengv@arstechnica.com
609,Rosemarie,Lydiard,rlydiardgw@unesco.org
610,Dorri,Buxton,dbuxtongx@wisc.edu
611,Jenine,Pindred,jpindredgy@rakuten.co.jp
612,Esra,Senechell,esenechellgz@state.tx.us
613,Brennen,Josse,bjosseh0@ed.gov
614,Emmerich,Endecott,eendecotth1@utexas.edu
615,Tommy,Nazaret,tnazareth2@census.gov
616,Ginny,Raitie,graitieh3@yellowpages.com
617,Gerda,Cadle,gcadleh4@scientificamerican.com
618,Betty,McLenaghan,bmclenaghanh5@twitpic.com
619,Gerald,Brach,gbrachh6@techcrunch.com
620,Beniamino,Dunlap,bdunlaph7@nih.gov
621,Greggory,Hartright,ghartrighth8@redcross.org
622,Odo,Scriver,oscriverh9@ycombinator.com
623,Kristien,Toolin,ktoolinha@miibeian.gov.cn
624,Zak,Broomer,zbroomerhb@histats.com
625,Johann,Sowersby,jsowersbyhc@marketwatch.com
626,Franni,Haselgrove,fhaselgrovehd@walmart.com
627,Karole,Johnston,kjohnstonhe@webmd.com
628,Janina,Rosling,jroslinghf@oaic.gov.au
629,Anne,Jollands,ajollandshg@issuu.com
630,Celeste,Fleetham,cfleethamhh@oracle.com
631,Camila,Tunmore,ctunmorehi@360.cn
632,Shalom,Buncombe,sbuncombehj@shareasale.com
633,Miner,Boston,mbostonhk@edublogs.org
634,Alvira,Jurgenson,ajurgensonhl@europa.eu
635,Kean,Hainey`,khaineyhm@arizona.edu
636,Gill,Drinkel,gdrinkelhn@microsoft.com
637,Ronald,Ruppeli,rruppeliho@forbes.com
638,Teador,Redmore,tredmorehp@phoca.cz
639,Shawn,Quidenham,squidenhamhq@opensource.org
640,Karena,MacGuigan,kmacguiganhr@gmpg.org
641,Anjela,Campos,acamposhs@wired.com
642,Gasper,Lord,glordht@edublogs.org
643,Roley,Subhan,rsubhanhu@barnesandnoble.com
644,Regan,Lindell,rlindellhv@4shared.com
645,Faustine,Druhan,fdruhanhw@kickstarter.com
646,Parnell,Lieber,plieberhx@dailymotion.com
647,Rosella,Taree,rtareehy@cloudflare.com
648,Sallee,Girard,sgirardhz@360.cn
649,Loralie,Corthes,lcorthesi0@latimes.com
650,Cletis,Andras,candrasi1@liveinternet.ru
651,Winifield,Troy,wtroyi2@gravatar.com
652,Mommy,Mapson,mmapsoni3@washington.edu
653,Gianna,Neeves,gneevesi4@ucoz.ru
654,Cloris,Hedlestone,chedlestonei5@weather.com
655,Kaylee,Viggers,kviggersi6@alibaba.com
656,Doroteya,Curryer,dcurryeri7@vinaora.com
657,Denny,Egre,degrei8@geocities.jp
658,Gretal,Lomax,glomaxi9@prweb.com
659,Virgilio,Semken,vsemkenia@salon.com
660,Roxanna,Biggin,rbigginib@phoca.cz
661,Idalia,Downing,idowningic@discovery.com
662,Jedd,MacFarlan,jmacfarlanid@sfgate.com
663,Gaylene,Swindlehurst,gswindlehurstie@twitter.com
664,Cosmo,Bortoli,cbortoliif@storify.com
665,Jackquelin,Bleiman,jbleimanig@ed.gov
666,Herschel,Eagan,heaganih@vinaora.com
667,Lissi,Simonelli,lsimonelliii@unesco.org
668,Floria,Leggen,fleggenij@freewebs.com
669,West,Eddisforth,weddisforthik@123-reg.co.uk
670,Hinze,Carabine,hcarabineil@webeden.co.uk
671,Rutger,Ingledew,ringledewim@addthis.com
672,Conroy,Hogben,chogbenin@java.com
673,Bonnie,MacNucator,bmacnucatorio@blogtalkradio.com
674,Cathlene,Langfitt,clangfittip@topsy.com
675,Claudio,Bidder,cbidderiq@bravesites.com
676,Farlee,Springthorpe,fspringthorpeir@dyndns.org
677,Jeralee,Gaitley,jgaitleyis@gnu.org
678,Bernita,Templeton,btempletonit@yale.edu
679,Tricia,Nudds,tnuddsiu@sciencedaily.com
680,Devy,Peele,dpeeleiv@ameblo.jp
681,Zachary,Ivison,zivisoniw@oaic.gov.au
682,Paula,Moorcraft,pmoorcraftix@harvard.edu
683,Olive,Cristol,ocristoliy@tumblr.com
684,Eran,Willoughway,ewilloughwayiz@hao123.com
685,Hollyanne,Milner,hmilnerj0@marriott.com
686,Mattheus,Sinott,msinottj1@ucsd.edu
687,Harrietta,Hammon,hhammonj2@blogger.com
688,Tomkin,Panniers,tpanniersj3@foxnews.com
689,Maible,Pippin,mpippinj4@tinypic.com
690,Lauri,Pressey,lpresseyj5@ow.ly
691,Peggi,Quantrell,pquantrellj6@ow.ly
692,Dukey,Brownsey,dbrownseyj7@wisc.edu
693,Hilde,Cherrie,hcherriej8@yahoo.com
694,Clare,Tinham,ctinhamj9@elegantthemes.com
695,Constantino,Rosser,crosserja@dmoz.org
696,Ron,Fardo,rfardojb@dell.com
697,Carmella,Chirm,cchirmjc@ca.gov
698,Wiley,Halfpenny,whalfpennyjd@virginia.edu
699,Garvin,Morales,gmoralesje@miitbeian.gov.cn
700,Wolfy,Ofener,wofenerjf@google.com.hk
701,Kaitlin,Straw,kstrawjg@ihg.com
702,Wynne,Higbin,whigbinjh@army.mil
703,Phineas,Klimpke,pklimpkeji@51.la
704,Antons,Brogan,abroganjj@icio.us
705,Pauli,Benck,pbenckjk@ning.com
706,Alia,Carrol,acarroljl@oaic.gov.au
707,Addison,Pedlar,apedlarjm@state.gov
708,Umberto,Matveyev,umatveyevjn@addtoany.com
709,Haskel,D'Hooge,hdhoogejo@e-recht24.de
710,Loretta,Boylin,lboylinjp@techcrunch.com
711,Bobinette,Andrick,bandrickjq@wufoo.com
712,Fields,Heinecke,fheineckejr@berkeley.edu
713,Torre,Hoogendorp,thoogendorpjs@i2i.jp
714,Davy,Guilloux,dguillouxjt@hubpages.com
715,Rafaelia,Cockton,rcocktonju@about.me
716,Eulalie,Duferie,eduferiejv@umn.edu
717,Sosanna,Bennike,sbennikejw@twitter.com
718,Angelina,Rentenbeck,arentenbeckjx@ask.com
719,Carla,Grouvel,cgrouveljy@intel.com
720,Margot,Apdell,mapdelljz@gizmodo.com
721,Dennie,Edwin,dedwink0@squidoo.com
722,Marilee,MacBey,mmacbeyk1@nyu.edu
723,Dalt,Kassel,dkasselk2@freewebs.com
724,Susana,Queyeiro,squeyeirok3@dropbox.com
725,Alvera,Keward,akewardk4@upenn.edu
726,Kimberly,Kingsbury,kkingsburyk5@fc2.com
727,Ado,Flacknell,aflacknellk6@360.cn
728,Jolynn,Lumsden,jlumsdenk7@multiply.com
729,Lorilyn,Courtenay,lcourtenayk8@qq.com
730,Anneliese,Braxay,abraxayk9@newyorker.com
731,Lorri,Brixham,lbrixhamka@alibaba.com
732,Tami,Guidotti,tguidottikb@nsw.gov.au
733,Derrick,Ramm,drammkc@geocities.com
734,Annnora,Lemon,alemonkd@pagesperso-orange.fr
735,Correy,Winkle,cwinkleke@com.com
736,Jose,Giblin,jgiblinkf@people.com.cn
737,Lynnea,Shynn,lshynnkg@earthlink.net
738,Ancell,O'Scanlan,aoscanlankh@ebay.co.uk
739,Mitchael,Burkart,mburkartki@issuu.com
740,Juieta,Scandrett,jscandrettkj@youku.com
741,Henrieta,Follos,hfolloskk@toplist.cz
742,Hattie,Bess,hbesskl@amazon.co.uk
743,Kelwin,Gillian,kgilliankm@mozilla.org
744,Erek,Towse,etowsekn@bandcamp.com
745,Lizabeth,Marmion,lmarmionko@ustream.tv
746,Marianne,Hucknall,mhucknallkp@wikipedia.org
747,Lorrie,Littlefair,llittlefairkq@cornell.edu
748,Herculie,Stonard,hstonardkr@twitpic.com
749,Zachary,Panniers,zpanniersks@tmall.com
750,Teodoro,Barmby,tbarmbykt@acquirethisname.com
751,Nyssa,Garwell,ngarwellku@china.com.cn
752,Inesita,Kobieriecki,ikobierieckikv@amazon.com
753,Ole,Devoy,odevoykw@etsy.com
754,Kassandra,Edgerley,kedgerleykx@cpanel.net
755,Carita,Dimanche,cdimancheky@123-reg.co.uk
756,Dorris,Ramelot,dramelotkz@posterous.com
757,Any,Blampied,ablampiedl0@bigcartel.com
758,Roxy,Haslen,rhaslenl1@cyberchimps.com
759,Stacy,Karchowski,skarchowskil2@lulu.com
760,Harvey,Ducarne,hducarnel3@eepurl.com
761,Emmery,Olivetti,eolivettil4@stanford.edu
762,Pat,Scrauniage,pscrauniagel5@pen.io
763,Lolita,Mascall,lmascalll6@java.com
764,Karoly,Paskin,kpaskinl7@comcast.net
765,Berna,McIllroy,bmcillroyl8@nhs.uk
766,Mariann,Eckly,mecklyl9@wordpress.com
767,Lissa,Linthead,llintheadla@people.com.cn
768,De witt,Branno,dbrannolb@acquirethisname.com
769,Luise,Douglas,ldouglaslc@icq.com
770,Minta,Dewes,mdewesld@prweb.com
771,Maxine,Chartres,mchartresle@acquirethisname.com
772,Chevalier,Cattini,ccattinilf@redcross.org
773,Sheffield,Gunningham,sgunninghamlg@google.es
774,Fern,Redsall,fredsalllh@gnu.org
775,Editha,Chatband,echatbandli@linkedin.com
776,Jeremie,Christou,jchristoulj@unblog.fr
777,Starr,Bignall,sbignalllk@ehow.com
778,Patty,Castenda,pcastendall@state.tx.us
779,Laetitia,Gilham,lgilhamlm@apple.com
780,Noelyn,Dienes,ndienesln@addtoany.com
781,Mar,Barltrop,mbarltroplo@ucoz.com
782,Sander,Donnett,sdonnettlp@yandex.ru
783,Salaidh,Hobgen,shobgenlq@booking.com
784,Molli,Chastang,mchastanglr@europa.eu
785,Kristopher,Trengove,ktrengovels@unblog.fr
786,Madelene,Sommerland,msommerlandlt@blogs.com
787,Nissa,Browne,nbrownelu@mayoclinic.com
788,Elizabet,Van Weedenburg,evanweedenburglv@google.ca
789,Brittney,Stirley,bstirleylw@narod.ru
790,Maxy,Ivanets,mivanetslx@time.com
791,Violette,Bould,vbouldly@printfriendly.com
792,Zuzana,Marzelli,zmarzellilz@gravatar.com
793,Giustino,Ellum,gellumm0@reference.com
794,Rogers,Ghiriardelli,rghiriardellim1@harvard.edu
795,Padget,Porkiss,pporkissm2@unicef.org
796,Mychal,Lemon,mlemonm3@psu.edu
797,Nanni,Shurville,nshurvillem4@wikispaces.com
798,Lorry,Tabary,ltabarym5@bluehost.com
799,Lacey,Rough,lroughm6@mapquest.com
800,Ferdy,Marc,fmarcm7@arstechnica.com
801,Esma,Gavozzi,egavozzim8@statcounter.com
802,Fidela,Le-Good,flegoodm9@howstuffworks.com
803,Allyn,Faraday,afaradayma@cnbc.com
804,Tymon,Giacomi,tgiacomimb@adobe.com
805,Clotilda,Riquet,criquetmc@flickr.com
806,Debby,Antusch,dantuschmd@wordpress.org
807,Sadie,Hollow,shollowme@plala.or.jp
808,Bernete,Groger,bgrogermf@sbwire.com
809,Fannie,Cornilli,fcornillimg@phpbb.com
810,Katrina,Surgeoner,ksurgeonermh@hugedomains.com
811,Gene,Risdale,grisdalemi@exblog.jp
812,Dante,Grayston,dgraystonmj@unblog.fr
813,Roxanne,Blindermann,rblindermannmk@census.gov
814,Clarita,Cristea,ccristeaml@furl.net
815,Emelita,Cudmore,ecudmoremm@dell.com
816,Justine,Mersey,jmerseymn@themeforest.net
817,Biron,Fisk,bfiskmo@shutterfly.com
818,Lionel,Hehnke,lhehnkemp@samsung.com
819,Merrie,Abramof,mabramofmq@example.com
820,Aarika,Pagden,apagdenmr@etsy.com
821,Ebonee,Stickells,estickellsms@usgs.gov
822,Sacha,Shivlin,sshivlinmt@auda.org.au
823,Menard,Culwen,mculwenmu@feedburner.com
824,Felic,Keys,fkeysmv@uol.com.br
825,Randal,Kees,rkeesmw@networksolutions.com
826,Kerwin,Jakubovski,kjakubovskimx@usnews.com
827,Alan,des Remedios,adesremediosmy@bbb.org
828,Jaclin,Cruikshanks,jcruikshanksmz@comcast.net
829,Byrann,Lamas,blamasn0@linkedin.com
830,Joan,Jenman,jjenmann1@baidu.com
831,Sosanna,Lahy,slahyn2@mtv.com
832,Lethia,Sadgrove,lsadgroven3@cmu.edu
833,Ava,Jurgenson,ajurgensonn4@yellowpages.com
834,Nelli,Dankov,ndankovn5@netlog.com
835,Clyde,Smidmore,csmidmoren6@ca.gov
836,Toni,Trewman,ttrewmann7@friendfeed.com
837,Seth,Jennemann,sjennemannn8@europa.eu
838,Delcine,Cloake,dcloaken9@phpbb.com
839,Christie,Sinden,csindenna@purevolume.com
840,Al,Sporner,aspornernb@skyrock.com
841,Irwin,Nary,inarync@msn.com
842,Hubert,Dietzler,hdietzlernd@opensource.org
843,Garner,Gillbee,ggillbeene@php.net
844,Stearn,Ginnane,sginnanenf@newyorker.com
845,Marguerite,Pimme,mpimmeng@admin.ch
846,Carolann,Aspin,caspinnh@gmpg.org
847,Claudian,Rickson,cricksonni@com.com
848,Sharl,Cleminson,scleminsonnj@unblog.fr
849,Rory,Firks,rfirksnk@pbs.org
850,Evonne,Loan,eloannl@drupal.org
851,Sydelle,Rosenau,srosenaunm@ifeng.com
852,Dot,Ridolfi,dridolfinn@cocolog-nifty.com
853,Giffie,Whiteland,gwhitelandno@cbc.ca
854,Cornie,Lyngsted,clyngstednp@vimeo.com
855,Fredericka,Downing,fdowningnq@howstuffworks.com
856,Elwin,Dury,edurynr@economist.com
857,Jolyn,Andersen,jandersenns@histats.com
858,Waylan,Bettington,wbettingtonnt@godaddy.com
859,Patricio,Woodsford,pwoodsfordnu@hud.gov
860,Danice,Werndly,dwerndlynv@google.co.jp
861,Xaviera,Horbart,xhorbartnw@theglobeandmail.com
862,Gabe,Ledwich,gledwichnx@cnet.com
863,Patricia,Nary,pnaryny@free.fr
864,Nada,Kineton,nkinetonnz@eventbrite.com
865,Maible,Artus,martuso0@un.org
866,Camila,Keelinge,ckeelingeo1@flavors.me
867,Junia,Snarr,jsnarro2@t.co
868,Angeline,Toulamain,atoulamaino3@networkadvertising.org
869,Mike,Saich,msaicho4@google.it
870,Vanna,Rentoul,vrentoulo5@yandex.ru
871,Gram,Matushevitz,gmatushevitzo6@arizona.edu
872,Dominga,Potter,dpottero7@diigo.com
873,Blancha,Burrage,bburrageo8@dion.ne.jp
874,Corrina,Sanbrook,csanbrooko9@arstechnica.com
875,Donnell,Iacovazzi,diacovazzioa@elegantthemes.com
876,Thornton,Diprose,tdiproseob@livejournal.com
877,Lynnette,Derham,lderhamoc@odnoklassniki.ru
878,Mandie,Walasik,mwalasikod@t.co
879,Moyna,Devenish,mdevenishoe@theguardian.com
880,Sandra,Pickthall,spickthallof@privacy.gov.au
881,Tabby,Cassius,tcassiusog@people.com.cn
882,Nadya,Nulty,nnultyoh@etsy.com
883,Merrill,Igo,migooi@merriam-webster.com
884,Paco,Ipplett,pipplettoj@bigcartel.com
885,Bree,Corringham,bcorringhamok@ovh.net
886,Cecil,Samsworth,csamsworthol@amazon.de
887,Teressa,Garrat,tgarratom@webnode.com
888,Cherie,Dumingos,cdumingoson@nsw.gov.au
889,Charyl,Linay,clinayoo@dropbox.com
890,Tawsha,Revan,trevanop@rediff.com
891,Godiva,Ambrozewicz,gambrozewiczoq@blogtalkradio.com
892,Emmi,Windebank,ewindebankor@altervista.org
893,Afton,Snoxill,asnoxillos@ca.gov
894,Maudie,Kinglesyd,mkinglesydot@unesco.org
895,Mendel,Ridsdale,mridsdaleou@simplemachines.org
896,Marinna,Balsdon,mbalsdonov@cornell.edu
897,Faunie,Antrim,fantrimow@foxnews.com
898,Herrick,Lunk,hlunkox@theglobeandmail.com
899,Shirlee,Ten Broek,stenbroekoy@rediff.com
900,Grove,Flye,gflyeoz@nature.com
901,Cornie,Vasenkov,cvasenkovp0@e-recht24.de
902,Roseline,Kelwick,rkelwickp1@csmonitor.com
903,Norry,Jacobowitz,njacobowitzp2@elegantthemes.com
904,Binky,Fancet,bfancetp3@wired.com
905,Tressa,Barajas,tbarajasp4@cornell.edu
906,Pavla,McAleese,pmcaleesep5@epa.gov
907,Dewie,Gratton,dgrattonp6@mashable.com
908,Henderson,Soff,hsoffp7@intel.com
909,Clyve,Duplan,cduplanp8@prweb.com
910,Perkin,Crookes,pcrookesp9@yellowbook.com
911,Arnie,Gettins,agettinspa@walmart.com
912,Luella,Van de Velde,lvandeveldepb@ustream.tv
913,Maddy,Hemmingway,mhemmingwaypc@desdev.cn
914,Martyn,Gammade,mgammadepd@trellian.com
915,Hattie,Harrower,hharrowerpe@nature.com
916,Louisette,Tefft,ltefftpf@posterous.com
917,Gray,Brammall,gbrammallpg@infoseek.co.jp
918,Alexis,Draude,adraudeph@acquirethisname.com
919,Sheelagh,Lafford,slaffordpi@joomla.org
920,Jerrie,Bispham,jbisphampj@i2i.jp
921,Hamil,Boshard,hboshardpk@wordpress.com
922,Mikkel,Caccavale,mcaccavalepl@bravesites.com
923,Kellyann,Postance,kpostancepm@cnet.com
924,Matthus,Kemson,mkemsonpn@blinklist.com
925,Tatum,McEvoy,tmcevoypo@abc.net.au
926,Hedy,Nanelli,hnanellipp@google.pl
927,Foster,Dacombe,fdacombepq@youtu.be
928,Corri,Garritley,cgarritleypr@edublogs.org
929,Jilleen,Kiss,jkissps@tuttocitta.it
930,Orelie,Sjostrom,osjostrompt@sakura.ne.jp
931,Glen,Froome,gfroomepu@nba.com
932,Juli,Heaviside,jheavisidepv@fotki.com
933,Field,Pimmocke,fpimmockepw@jigsy.com
934,Isabeau,Housaman,ihousamanpx@mayoclinic.com
935,Huberto,Huxstep,hhuxsteppy@qq.com
936,Zara,Rodell,zrodellpz@bandcamp.com
937,Mable,Maryska,mmaryskaq0@time.com
938,Annissa,Tarren,atarrenq1@ovh.net
939,Cher,Normanvill,cnormanvillq2@unesco.org
940,Ana,Partrick,apartrickq3@cyberchimps.com
941,Ephrayim,Edwick,eedwickq4@51.la
942,Theodoric,Drinnan,tdrinnanq5@virginia.edu
943,Jephthah,Copcote,jcopcoteq6@indiegogo.com
944,Jack,Spradbrow,jspradbrowq7@cnet.com
945,Reynolds,Tombling,rtomblingq8@joomla.org
946,Stanislaus,Tewkesbury,stewkesburyq9@mediafire.com
947,Leshia,Cremin,lcreminqa@washington.edu
948,Claudia,Mattedi,cmattediqb@examiner.com
949,Tandie,Palffy,tpalffyqc@rambler.ru
950,Dex,Bratley,dbratleyqd@hibu.com
951,Cody,Keoghan,ckeoghanqe@hibu.com
952,Arte,Laste,alasteqf@ycombinator.com
953,Gran,Peever,gpeeverqg@house.gov
954,Cassie,Farloe,cfarloeqh@i2i.jp
955,Elana,Attoc,eattocqi@liveinternet.ru
956,Elvyn,Ades,eadesqj@blogspot.com
957,Deerdre,Wilton,dwiltonqk@google.ru
958,Kattie,Berzen,kberzenql@google.ru
959,Jackquelin,Franies,jfraniesqm@godaddy.com
960,Gawain,Hollyar,ghollyarqn@hud.gov
961,Stephan,Biffin,sbiffinqo@youku.com
962,Modesty,Depke,mdepkeqp@163.com
963,Emlyn,Piddletown,epiddletownqq@arstechnica.com
964,Claiborn,Trehearne,ctrehearneqr@behance.net
965,Brita,Pleven,bplevenqs@pbs.org
966,Ema,Weitzel,eweitzelqt@blogtalkradio.com
967,Marmaduke,Acarson,macarsonqu@cmu.edu
968,Ekaterina,Sarfass,esarfassqv@sciencedaily.com
969,Michal,Coal,mcoalqw@businessweek.com
970,Amalia,Wetherell,awetherellqx@g.co
971,Jo,Deble,jdebleqy@smugmug.com
972,Shanan,Whitloe,swhitloeqz@discuz.net
973,Etienne,Kempe,ekemper0@slate.com
974,Mimi,Puttnam,mputtnamr1@google.cn
975,Shaina,Poel,spoelr2@trellian.com
976,Moritz,Hotson,mhotsonr3@dedecms.com
977,Bud,Plinck,bplinckr4@chicagotribune.com
978,Colin,Seago,cseagor5@comsenz.com
979,Zerk,Fittall,zfittallr6@wordpress.org
980,Shelley,Cud,scudr7@rakuten.co.jp
981,Jenelle,Burfitt,jburfittr8@unesco.org
982,Adrienne,Whysall,awhysallr9@woothemes.com
983,Irvin,Cusiter,icusiterra@amazon.co.jp
984,Noell,Gilli,ngillirb@sakura.ne.jp
985,Sondra,Ruscoe,sruscoerc@princeton.edu
986,Redd,Primak,rprimakrd@booking.com
987,Dmitri,Matias,dmatiasre@adobe.com
988,Marnia,MacPaden,mmacpadenrf@google.pl
989,Davina,Lindroos,dlindroosrg@sakura.ne.jp
990,Remy,Boick,rboickrh@digg.com
991,Nonah,Criple,ncripleri@biblegateway.com
992,Demetri,Orthmann,dorthmannrj@rediff.com
993,Beverlie,Daintree,bdaintreerk@ebay.com
994,Rorie,Wrightam,rwrightamrl@amazonaws.com
995,Vanya,Jacks,vjacksrm@irs.gov
996,Harriet,Bockmaster,hbockmasterrn@ft.com
997,Tanya,Hallihan,thallihanro@hud.gov
998,Lauren,McGifford,lmcgiffordrp@bravesites.com
999,Win,Sergent,wsergentrq@yolasite.com
1000,Gordy,Maddison,gmaddisonrr@ask.com
